{"errors":[],"warnings":[],"namedChunkGroups":{"app":{"chunks":[8,7,2],"assets":["webpack-runtime-b693b3b5427f208cdf37.js","webpack-runtime-b693b3b5427f208cdf37.js.map","framework-d54fcf3f0204b459cf2d.js","framework-d54fcf3f0204b459cf2d.js.map","app-06b5abdb6dc0fa1a9139.js","app-06b5abdb6dc0fa1a9139.js.map"],"children":{},"childAssets":{}},"component---src-pages-404-js":{"chunks":[1,0,3],"assets":["styles.fab0349f8a0312962357.css","styles-823ae8103e36ae8a7f9f.js","styles-823ae8103e36ae8a7f9f.js.map","commons-88e3aff57cddd77c1b24.js","commons-88e3aff57cddd77c1b24.js.map","component---src-pages-404-js-ea5fbc3039957ef13d1b.js","component---src-pages-404-js-ea5fbc3039957ef13d1b.js.map"],"children":{},"childAssets":{}},"component---src-pages-index-js":{"chunks":[1,0,4],"assets":["styles.fab0349f8a0312962357.css","styles-823ae8103e36ae8a7f9f.js","styles-823ae8103e36ae8a7f9f.js.map","commons-88e3aff57cddd77c1b24.js","commons-88e3aff57cddd77c1b24.js.map","component---src-pages-index-js-e2230e0e5f5af458bd7e.js","component---src-pages-index-js-e2230e0e5f5af458bd7e.js.map"],"children":{},"childAssets":{}},"component---src-pages-page-2-js":{"chunks":[1,0,5],"assets":["styles.fab0349f8a0312962357.css","styles-823ae8103e36ae8a7f9f.js","styles-823ae8103e36ae8a7f9f.js.map","commons-88e3aff57cddd77c1b24.js","commons-88e3aff57cddd77c1b24.js.map","component---src-pages-page-2-js-6099b331ad089fea3bb9.js","component---src-pages-page-2-js-6099b331ad089fea3bb9.js.map"],"children":{},"childAssets":{}},"component---src-pages-using-typescript-tsx":{"chunks":[1,0,6],"assets":["styles.fab0349f8a0312962357.css","styles-823ae8103e36ae8a7f9f.js","styles-823ae8103e36ae8a7f9f.js.map","commons-88e3aff57cddd77c1b24.js","commons-88e3aff57cddd77c1b24.js.map","component---src-pages-using-typescript-tsx-fc867caad1fa56107836.js","component---src-pages-using-typescript-tsx-fc867caad1fa56107836.js.map"],"children":{},"childAssets":{}}},"assetsByChunkName":{"app":["webpack-runtime-b693b3b5427f208cdf37.js","framework-d54fcf3f0204b459cf2d.js","app-06b5abdb6dc0fa1a9139.js"],"component---src-pages-404-js":["styles.fab0349f8a0312962357.css","styles-823ae8103e36ae8a7f9f.js","commons-88e3aff57cddd77c1b24.js","component---src-pages-404-js-ea5fbc3039957ef13d1b.js"],"component---src-pages-index-js":["styles.fab0349f8a0312962357.css","styles-823ae8103e36ae8a7f9f.js","commons-88e3aff57cddd77c1b24.js","component---src-pages-index-js-e2230e0e5f5af458bd7e.js"],"component---src-pages-page-2-js":["styles.fab0349f8a0312962357.css","styles-823ae8103e36ae8a7f9f.js","commons-88e3aff57cddd77c1b24.js","component---src-pages-page-2-js-6099b331ad089fea3bb9.js"],"component---src-pages-using-typescript-tsx":["styles.fab0349f8a0312962357.css","styles-823ae8103e36ae8a7f9f.js","commons-88e3aff57cddd77c1b24.js","component---src-pages-using-typescript-tsx-fc867caad1fa56107836.js"]}}